{"epoch": 1, "trainer/global_step": 149, "_timestamp": 1743341082.34082, "_runtime": 571.0927350521088, "_step": 2}